param_swept,param_value,init_method,trustworthiness,triplet_accuracy,knn_preservation,sna,morans_i_max,procrustes_rust_vs_python,procrustes_vs_default,solver_level,wall_time_s
n_neighbors,5,rust_spectral,0.991590776621297,0.7161123784367871,0.34814,0.002064039408866995,0.06319146913504246,0.2685851577787182,0.14372389120019766,1.0,7.066188068012707
n_neighbors,5,python_spectral,0.9916814091273018,0.7205146676271661,0.3488466666666667,0.0020805418719211824,0.05640274249430722,,0.16551298741553594,,6.179794591967948
n_neighbors,5,pca,0.9915851481184947,0.7025253131628447,0.3475466666666667,0.0021554187192118226,0.05718668995058783,,0.07560515549136387,,6.162588248029351
n_neighbors,5,random,0.9912750400320256,0.6076960019209989,0.34670000000000006,0.002044389709906951,0.07542216727136383,,0.9396744589830841,,6.4380581309087574
n_neighbors,10,rust_spectral,0.9899042846411938,0.7228758954656421,0.3359466666666667,0.0020251778872468528,0.05918681794614346,0.2830243915081189,0.03549648026579183,1.0,7.764911651960574
n_neighbors,10,python_spectral,0.9901055586158546,0.7157722015448033,0.33548666666666666,0.0020460864805692393,0.06615388661288776,,0.07653767900164052,,7.041230567032471
n_neighbors,10,pca,0.9901264900595924,0.7022451674870933,0.3354666666666667,0.002184263820470717,0.057110736437398515,,0.03473056855220558,,7.0187296270160004
n_neighbors,10,random,0.9900440152235965,0.6027934525953496,0.33625333333333335,0.002220552818828681,0.10324860532848495,,0.782900296920719,,7.0135653159813955
n_neighbors,15,rust_spectral,0.9894727640239217,0.7160523472205547,0.3241,0.0020499999999999997,0.05767033307226588,0.2995690702256447,7.609440829794497e-31,1.0,8.622134276898578
n_neighbors,15,python_spectral,0.9895909531923424,0.7178532837075279,0.32474000000000003,0.0021184729064039408,0.05961111558046121,,1.271067115646357e-29,,7.835104097030126
n_neighbors,15,pca,0.9895889713006581,0.6903789970784808,0.32526666666666665,0.002078352490421456,0.06399309669484152,,1.4173913276625049e-30,,7.6056792789604515
n_neighbors,15,random,0.9892450569643514,0.6504982590947292,0.32128666666666666,0.0019967980295566507,0.08679258596569747,,2.3861292493940684e-30,,7.6997589219827205
n_neighbors,30,rust_spectral,0.9889679401275805,0.6866570616720695,0.29941999999999996,0.002096305418719212,0.05518522459507373,0.3006524647968094,0.22811407834855257,1.0,9.398453494999558
n_neighbors,30,python_spectral,0.9888470001841713,0.6818345539680634,0.3013133333333333,0.0021399014778325123,0.055367633814573616,,0.22001843000553092,,8.888806767994538
n_neighbors,30,pca,0.9887192824015939,0.6844759274822908,0.3018066666666667,0.002082785987958402,0.06291992332854274,,0.05624047947870628,,8.799522266956046
n_neighbors,30,random,0.9887531427997388,0.6126986032737023,0.29723333333333335,0.0021421729611384786,0.08580925159647751,,0.9767370163514476,,8.756133124930784
n_neighbors,50,rust_spectral,0.9879044096931835,0.697442670188498,0.27815333333333336,0.002150793650793651,0.07078125246530331,0.2789736456865636,0.1887005853377596,1.0,11.442071930039674
n_neighbors,50,python_spectral,0.987984583606227,0.7112298395165486,0.27982,0.0021517515051997812,0.09482724425646535,,0.18477191946022087,,10.571529306005687
n_neighbors,50,pca,0.9880369709305254,0.6836755112658582,0.2795533333333333,0.001965353037766831,0.06130882523245558,,0.13485682749316483,,10.484809082001448
n_neighbors,50,random,0.9883599635246109,0.5989114339456517,0.2782,0.002096551724137931,0.08951607933424324,,0.9891946751442197,,10.84014491806738
n_neighbors,100,rust_spectral,0.9867576548048125,0.6901588826189619,0.24711333333333338,0.0020384510125889435,0.09088495279051435,0.4176256262760164,0.3315038052445617,1.0,15.104516577906907
n_neighbors,100,python_spectral,0.986743556018072,0.6811742105895066,0.24594666666666667,0.002120224411603722,0.08545905376480234,,0.3190561946096096,,14.698441444896162
n_neighbors,100,pca,0.9864801242702675,0.6540401008524432,0.24408666666666667,0.0020266283524904213,0.06361854983522887,,0.402619748036462,,15.45141967991367
n_neighbors,100,random,0.9863166149550738,0.6689278424780886,0.24778000000000003,0.002036535303776683,0.04845253860729856,,0.9422143502046475,,15.490976201021113
min_dist,0.0,rust_spectral,0.9904262183020948,0.7118701724896946,0.3271666666666667,0.0021233990147783255,0.0563263559013319,0.2945638319539537,0.0066943035369092,1.0,8.35752663295716
min_dist,0.0,python_spectral,0.9902757609167753,0.7043662704606395,0.32548,0.002181773399014779,0.05710058692362394,,0.03417847217165002,,8.184049453935586
min_dist,0.0,pca,0.9903546129431025,0.6959018689718653,0.32894666666666666,0.0019970443349753694,0.06484436482108599,,0.02143825245919921,,7.966387602966279
min_dist,0.0,random,0.9904525749223213,0.6260655540881258,0.3285866666666667,0.0021764094143404485,0.11720580162868123,,0.8863454790317038,,7.531363761983812
min_dist,0.01,rust_spectral,0.9901151468377267,0.712150318165446,0.3256,0.002120935960591133,0.054132053443730094,0.30456026198086894,0.006473886895637783,1.0,8.171905550058
min_dist,0.01,python_spectral,0.990214191306672,0.725897466682675,0.3292533333333334,0.002192364532019705,0.056472127111830146,,0.017045840423907117,,7.907321748905815
min_dist,0.01,pca,0.9902673696167853,0.695081442350022,0.32982666666666666,0.0019724137931034485,0.07009815338201288,,0.017960461411216357,,7.456650365027599
min_dist,0.01,random,0.9903780675553774,0.5801816944811302,0.3287466666666667,0.002171483305966064,0.05784626067066945,,0.814255916905951,,7.559268277022056
min_dist,0.1,rust_spectral,0.9894727640239217,0.7160523472205547,0.3241,0.0020499999999999997,0.05767033307226588,0.2995690702256447,7.609440829794497e-31,1.0,7.990719393943436
min_dist,0.1,python_spectral,0.9895909531923424,0.7178532837075279,0.32474000000000003,0.0021184729064039408,0.05961111558046121,,1.271067115646357e-29,,7.685247569927014
min_dist,0.1,pca,0.9895889713006581,0.6903789970784808,0.32526666666666665,0.002078352490421456,0.06399309669484152,,1.4173913276625049e-30,,7.981408680905588
min_dist,0.1,random,0.9892450569643514,0.6504982590947292,0.32128666666666666,0.0019967980295566507,0.08679258596569747,,2.3861292493940684e-30,,8.099570582970046
min_dist,0.25,rust_spectral,0.9889247556045572,0.7241565614119342,0.31736,0.00211256157635468,0.06009217181025418,0.3012184919793498,0.014215327955288405,1.0,8.285373041057028
min_dist,0.25,python_spectral,0.9889486518993685,0.717313002761436,0.31984000000000007,0.0020211822660098524,0.06337266040864092,,0.024224933718148642,,8.411567784030922
min_dist,0.25,pca,0.9881594273495706,0.7016048345139473,0.3137333333333333,0.0019931308155446085,0.06255776203543181,,0.01520170896071054,,7.667524575954303
min_dist,0.25,random,0.9884024048645217,0.6390923280105655,0.3153533333333334,0.0020655172413793104,0.08155573876658082,,0.6915672503557548,,7.709533866960555
min_dist,0.5,rust_spectral,0.9870850516187231,0.716872773842398,0.29440000000000005,0.0021694854953475643,0.06708060935351443,0.3083281124399231,0.03772781792596252,1.0,8.256130620022304
min_dist,0.5,python_spectral,0.9868508843673783,0.7281786528995078,0.29536,0.002047536945812808,0.0601154169461421,,0.029431336272331236,,7.701665869913995
min_dist,0.5,pca,0.986347921552905,0.7112298395165486,0.2907,0.002043103448275862,0.058723321009648166,,0.05039348501862646,,7.721072267042473
min_dist,0.5,random,0.9866075132805453,0.6397526713891224,0.29273333333333335,0.0021842364532019703,0.053273111438963114,,0.7345585950441827,,7.560460521955974
min_dist,0.8,rust_spectral,0.9841566262403528,0.7425261135790611,0.2677466666666667,0.002079337712096333,0.050539383404762925,0.32686158338162946,0.059799063897600147,1.0,7.932467959006317
min_dist,0.8,python_spectral,0.9844479636497278,0.7352623364149358,0.27191333333333334,0.0020435960591133,0.06469087591435256,,0.054979449816696294,,7.660481540951878
min_dist,0.8,pca,0.9838864642009956,0.7225957497898907,0.2676733333333334,0.002003694581280788,0.0615658493227909,,0.06891588847548014,,7.691237708902918
min_dist,0.8,random,0.9845488944572517,0.6040140873254092,0.2663533333333334,0.0020466064586754243,0.1312488127943864,,0.9107409767804792,,7.8599051519995555
metric,euclidean,rust_spectral,0.9894727640239217,0.7160523472205547,0.3241,0.0020499999999999997,0.05767033307226588,0.2995690702256447,7.609440829794497e-31,1.0,8.124972981051542
metric,euclidean,python_spectral,0.9895909531923424,0.7178532837075279,0.32474000000000003,0.0021184729064039408,0.05961111558046121,,1.271067115646357e-29,,7.561151160043664
metric,euclidean,pca,0.9895889713006581,0.6903789970784808,0.32526666666666665,0.002078352490421456,0.06399309669484152,,1.4173913276625049e-30,,7.675010489998385
metric,euclidean,random,0.9892450569643514,0.6504982590947292,0.32128666666666666,0.0019967980295566507,0.08679258596569747,,2.3861292493940684e-30,,7.699921484920196
metric,cosine,rust_spectral,0.9825242471016672,0.6665065834233802,0.24552000000000002,0.002152764094143404,0.08034475833970031,0.24573601221221636,0.5205738068416906,1.0,7.996089317952283
metric,cosine,python_spectral,0.9824959152717918,0.6725297154520351,0.24645333333333333,0.002259688013136289,0.08547525094134918,,0.4577245604739113,,7.715481829014607
metric,cosine,pca,0.9825016972369783,0.6621042942330012,0.24731333333333336,0.002285636394257084,0.06638012304746536,,0.06199610783168734,,7.678491719998419
metric,cosine,random,0.9826788139387257,0.6162404450314163,0.24358666666666667,0.0023469074986316365,0.14908979414951926,,0.8371949085212518,,7.919182330020703
